Source File	Size	loadResources	load-configure	scan	loadDepInfo	loadInfo	load	generateSnapshots	checkR4R4B	generateNarratives	validate	loadLists	checkConformanceResources	checkConformanceResources2	checkConformanceResources3	generateLogicalMaps	validateExpressions	scanForUsageStats	checkURLsUnique	processProvenanceDetails	generate1	generate2	generateLogicals	makeDependencies	generateExampleZip	generateValidationPack	scanProfilesForR5	scanExamplesForR5
/fsh-generated/resources/ImplementationGuide-template.cpg-on-ebmonfhir.netzwerk-universitaetsmedizin.de.json	14253	-	0	0	0	0	0	0	6	52	0	0	0	0	0	0	0	1	0	0	114	104	0	0	1	2	0	0
fsh-generated/resources/ActivityDefinition-AnxietyMonitoringSTAI.json	1521	21	0	0	0	0	0	0	0	143	0	0	0	0	0	0	0	0	0	0	20	32	0	0	0	0	0	0
fsh-generated/resources/ActivityDefinition-DeliriumMonitoringCAMICU.json	1595	4	1	0	0	0	0	0	0	9	0	0	0	0	0	0	0	0	0	0	15	10	0	0	0	1	0	0
fsh-generated/resources/ActivityDefinition-DeliriumMonitoringCAMICUnegative.json	1332	4	0	0	0	0	0	0	1	7	0	0	0	0	0	0	0	0	0	0	13	9	0	0	0	0	0	0
fsh-generated/resources/ActivityDefinition-DeliriumMonitoringNuDESC.json	1581	5	0	0	0	0	0	0	0	9	0	0	0	0	0	0	0	0	0	0	14	9	0	0	0	0	0	0
fsh-generated/resources/ActivityDefinition-PainMonitoringBPS.json	1524	7	0	0	0	0	0	0	0	8	0	0	0	0	0	0	0	0	0	0	20	9	0	0	0	0	0	0
fsh-generated/resources/ActivityDefinition-PainMonitoringCPOT.json	1545	5	0	0	0	0	0	0	0	8	0	0	0	0	0	0	0	0	0	0	14	10	0	0	0	0	0	0
fsh-generated/resources/ActivityDefinition-PainMonitoringFPS-R.json	1460	5	0	0	0	0	0	0	0	7	0	0	0	0	0	0	0	0	0	0	15	9	0	0	0	0	0	0
fsh-generated/resources/ActivityDefinition-PainMonitoringNRS.json	1492	4	0	0	0	0	0	0	1	8	0	0	0	0	0	0	0	0	0	0	14	10	0	0	0	0	0	1
fsh-generated/resources/ActivityDefinition-PainMonitoringVAS.json	1472	5	0	0	0	0	0	0	0	6	0	0	0	0	0	0	0	0	0	0	14	9	0	0	0	1	0	0
fsh-generated/resources/ActivityDefinition-PainMonitoringVRS.json	1504	5	0	0	0	0	0	0	0	6	0	0	0	0	0	0	0	0	0	0	14	10	0	0	0	0	0	0
fsh-generated/resources/ActivityDefinition-SedationMonitoringRASS.json	1520	5	0	0	0	0	0	0	0	7	0	0	0	0	0	0	0	0	0	0	13	9	0	0	0	0	0	0
fsh-generated/resources/CodeSystem-codex-celida.json	841	4	1	0	0	0	0	0	0	6	0	0	0	0	0	0	0	0	0	0	10	1585	0	0	0	0	0	0
fsh-generated/resources/EvidenceVariable-PopulationPatientsICUDAASMonitoring.json	1632	8	0	0	0	0	0	0	0	199	0	0	0	0	0	0	0	0	0	0	13	12	0	0	0	0	0	0
fsh-generated/resources/EvidenceVariable-PopulationPatientsICUDeliriumMonitoring.json	1627	5	0	0	0	0	0	0	0	5	0	0	0	0	0	0	0	0	0	0	16	8	0	0	0	0	0	0
fsh-generated/resources/EvidenceVariable-PopulationPatientsICUNRSgoal.json	1563	5	0	0	0	0	0	0	1	5	0	0	0	0	0	0	0	0	0	0	12	9	0	0	0	1	0	0
fsh-generated/resources/EvidenceVariable-PopulationPatientsICUPainMonitoring.json	1599	6	0	0	0	0	0	0	0	4	0	0	0	0	0	0	0	0	0	0	16	8	0	0	0	0	0	0
fsh-generated/resources/EvidenceVariable-PopulationPatientsICUSedationGoal.json	1637	6	0	0	0	0	0	0	0	6	0	0	0	0	0	0	0	0	0	0	16	9	0	0	0	0	0	0
fsh-generated/resources/EvidenceVariable-PopulationPatientsICUSedationMonitoring.json	1627	4	0	0	0	0	0	0	0	5	0	0	0	0	0	0	0	0	0	0	11	8	0	0	0	0	0	0
fsh-generated/resources/EvidenceVariable-PopulationPatientsICUnoDeliriumGoal.json	1641	4	0	0	0	0	0	0	0	5	0	0	0	0	0	0	0	0	0	0	13	9	0	0	0	0	0	0
fsh-generated/resources/PlanDefinition-InterventionPatientsICUDAASMonitoring.json	6274	12	0	0	0	0	0	0	1	28	0	0	0	0	0	0	0	0	0	0	44	13	0	0	0	0	0	0
fsh-generated/resources/PlanDefinition-InterventionPatientsICUDeliriumMonitoring.json	2740	5	0	0	0	0	0	0	0	12	0	0	0	0	0	0	0	0	0	0	21	8	0	0	0	1	0	0
fsh-generated/resources/PlanDefinition-InterventionPatientsICUNRSgoal.json	2734	7	0	0	0	0	0	0	0	15	0	0	0	0	0	0	0	0	0	0	22	9	0	0	0	0	0	0
fsh-generated/resources/PlanDefinition-InterventionPatientsICUPainMonitoring.json	4450	7	1	0	0	0	0	0	1	15	0	0	0	0	0	0	0	0	0	0	28	10	0	0	0	0	0	0
fsh-generated/resources/PlanDefinition-InterventionPatientsICUSedationGoal.json	3004	7	0	0	0	0	0	0	0	10	0	0	0	0	0	0	0	1	0	0	30	9	0	0	0	1	0	0
fsh-generated/resources/PlanDefinition-InterventionPatientsICUSedationMonitoring.json	2273	4	0	0	0	0	0	0	0	7	0	0	0	0	0	0	0	0	0	0	20	8	0	0	0	0	0	0
fsh-generated/resources/PlanDefinition-InterventionPatientsICUnoDeliriumGoal.json	3126	7	0	0	0	0	0	0	0	9	0	0	0	0	0	0	0	0	0	0	29	9	0	0	0	1	0	0
fsh-generated/resources/PlanDefinition-RecommendationPatientsICUDAASMonitoring.json	1863	4	0	0	0	0	0	0	0	9	0	0	0	0	0	0	0	0	0	0	15	8	0	0	0	0	0	0
fsh-generated/resources/PlanDefinition-RecommendationPatientsICUDeliriumMonitoring.json	1823	4	0	0	0	0	0	0	0	8	0	0	0	0	0	0	0	0	0	0	16	7	0	0	0	1	0	0
fsh-generated/resources/PlanDefinition-RecommendationPatientsICUNRSgoal.json	1677	5	0	0	0	0	0	0	0	7	0	0	0	0	0	0	0	0	0	0	15	7	0	0	0	0	0	0
fsh-generated/resources/PlanDefinition-RecommendationPatientsICUPainMonitoring.json	1781	3	1	0	0	0	0	0	1	4	0	0	0	0	0	0	0	0	0	0	18	7	0	0	0	0	0	0
fsh-generated/resources/PlanDefinition-RecommendationPatientsICUSedationGoal.json	1728	5	0	0	0	0	0	0	0	5	0	0	0	0	0	0	0	0	0	0	15	7	0	0	0	0	0	0
fsh-generated/resources/PlanDefinition-RecommendationPatientsICUSedationMonitoring.json	1837	4	0	0	1	0	0	0	0	5	0	0	0	0	0	0	0	0	0	0	15	7	0	0	0	0	0	0
fsh-generated/resources/PlanDefinition-RecommendationPatientsICUnoDeliriumGoal.json	1745	4	0	0	0	0	0	0	0	6	0	0	0	0	0	0	0	0	0	0	14	6	0	0	0	1	0	0
